Time,residuals
0.0,0.3031577885255891
1.0,-0.15957868032653155
2.0,0.01017909890172436
3.0,-0.20101413374956745
4.0,-0.16959267979431564
5.0,0.057624378117231145
6.0,0.1296941762918919
7.0,-0.07312689597970773
8.0,-0.09537395865421888
9.0,-0.17088099883778696
10.0,0.0244919793285317
11.0,0.1391969349568447
12.0,0.10396818941298092
13.0,0.26007666179450883
14.0,0.438223304148895
15.0,-0.1724481308257891
16.0,-0.025152908173881716
17.0,-0.17319606023722456
18.0,-0.1676015827135868
19.0,0.4230780828304394
20.0,0.17842951051668277
21.0,0.39627900528465876
22.0,-0.18611038373433925
23.0,-0.07583478430613932
24.0,-0.0837818646496711
25.0,-0.19622235176881536
26.0,0.16181934154003336
27.0,-0.20095455042458696
28.0,-0.055013301217235744
29.0,0.1294724494577702
30.0,-0.12093094948333466
31.0,-0.1492335672626372
32.0,-0.11246739527632271
33.0,-0.15876960973717133
34.0,-0.013457680283591289
35.0,-0.018461619614629887
36.0,0.13144880400973957
37.0,0.14320939240056502
38.0,-0.1856563555320403
39.0,0.5066834630559921
40.0,0.27815954717688407
41.0,-0.08482875170476173
42.0,0.18946595321450116
43.0,-0.1281797873563469
44.0,-0.12317708403924221
45.0,0.1856049097460355
46.0,-0.07935865019553728
47.0,0.01983872271401549
48.0,-0.012552139077524505
49.0,0.008826624385606607
50.0,-0.029479713556878673
51.0,0.0321122224219762
52.0,-0.03938778976166191
53.0,0.283653191146613
54.0,-0.07166916424054617
55.0,-0.09685942721069252
56.0,-0.06253359016517424
57.0,0.27221699228833307
58.0,-0.04210193356850406
59.0,-0.07852134851035508
60.0,-0.12652489209595424
61.0,0.25426863898076535
62.0,-0.17299557181417152
63.0,-0.015964621508067323
64.0,-0.05985791651875261
65.0,0.3884212990371791
66.0,-0.15345697028532412
67.0,-0.09781494989657949
68.0,-0.07440038919510072
69.0,-0.10063514846840296
70.0,0.09884354765339698
71.0,0.10409913038147478
72.0,-0.17575828911569324
73.0,-0.09474068097451374
74.0,0.37276932233735627
75.0,-0.14532049100143343
76.0,-0.014971780581669925
77.0,0.24197927533555846
78.0,-0.16792803121371608
79.0,0.042863919114002336
80.0,0.34524500768084326
81.0,0.22149179238409955
82.0,0.11694941238397044
83.0,0.3380264628186179
84.0,0.6506597441313997
85.0,-0.1648487377251613
86.0,0.45661348038077104
87.0,-0.13400500027794998
88.0,0.6510264052455006
89.0,-0.16978125665895952
90.0,0.07569027679529505
91.0,-0.10880792649403478
92.0,-0.19696560617425268
93.0,-0.14148763119437568
94.0,-0.16415275161945786
95.0,-0.11792318848325678
96.0,0.34109306604153156
97.0,0.04189056521000012
98.0,-0.13875698575603765
99.0,-0.15923297641118234
100.0,0.1489174301786605
101.0,-0.12022490599222949
102.0,-0.1897077084018221
103.0,0.5678696007394265
104.0,-0.19632707661678855
105.0,0.1606523798666163
106.0,-0.12678211069810041
107.0,0.19455930989890935
108.0,-0.020101121494927654
109.0,-0.09995081592793106
110.0,0.06149024883472615
111.0,0.6070528721218362
112.0,-0.08050718709504517
113.0,-0.004117641885228507
114.0,-0.014266342880791705
115.0,0.2987170570667196
116.0,-0.13279266781103707
117.0,-0.08591207575051343
118.0,-0.007401155066982801
119.0,0.22974909104496105
120.0,0.09327688011593405
121.0,0.07819383535457836
122.0,-0.18182491664773798
123.0,-0.029420015581040737
124.0,-0.17123500267704098
125.0,0.06492389640087659
126.0,0.05984025398256981
127.0,0.07637832399569733
128.0,-0.12207747011053982
129.0,-0.17360968814602076
130.0,0.47454181426179753
131.0,-0.1642047603981223
132.0,0.087599278688127
133.0,0.15150805676461992
134.0,-0.11610753894062445
135.0,-0.12817599736303353
136.0,0.21927231062111396
137.0,-0.16404412607893507
138.0,-0.07675362513384443
139.0,-0.1840778126419722
140.0,0.053994332599229644
141.0,0.02672624714511912
142.0,-0.09705644838784433
143.0,0.15633251086337258
144.0,0.2823870232486158
145.0,-0.0938204964185824
146.0,-0.0190823307141349
147.0,-0.13626472529923486
148.0,0.024832327545514565
149.0,0.4704788172732999
150.0,-0.14818502473380982
151.0,0.038877938097434894
152.0,-0.01573273874747899
153.0,-0.00019674127812419062
154.0,0.03656601109947627
155.0,0.41832163778265397
156.0,0.3053731481755665
157.0,0.40081866627073937
158.0,-0.05624309079350373
159.0,-0.1752034511886315
160.0,-0.18159916658145944
161.0,-0.12087975817461288
162.0,0.0020240504112647995
163.0,0.016292940888384788
164.0,0.06454919675519794
165.0,-0.169450175466234
166.0,0.007949345214502246
167.0,-0.01760187312147815
168.0,0.0018587792182750973
169.0,-0.05872783061387116
170.0,0.33151556640452456
171.0,0.1578517764441879
172.0,-0.0679767642643789
173.0,0.0023649198857286224
174.0,-0.14459378395563877
175.0,-0.1519762093990052
176.0,-0.18346597587273913
177.0,-0.13236384406201274
178.0,-0.07347869666905682
179.0,0.02319251677144296
180.0,0.25190354041899043
181.0,-0.10768302411338035
182.0,0.44240787436302204
183.0,-0.18621421166071267
184.0,0.011224652433120597
185.0,0.07209040929919497
186.0,-0.09309107833505614
187.0,-0.1619589630228454
188.0,-0.10151195816825245
189.0,0.4884753719371605
190.0,-0.14852690235869134
191.0,-0.10797065326347349
192.0,-0.022721016646935877
193.0,0.2497484193048301
194.0,0.7866288825325745
195.0,0.14527169695663245
196.0,0.0058757347151071615
197.0,0.41500010055004677
198.0,-0.09058553183324294
199.0,0.3427110169645189
200.0,0.1056232414499218
201.0,-0.04975169580214847
202.0,-0.020522489165161584
203.0,-0.08839692836252816
204.0,0.4345241944746075
205.0,-0.015268485900864603
206.0,-0.14215728421438245
207.0,-0.18296962933469452
208.0,-0.08327543310097685
209.0,-0.06214142013622276
210.0,0.578618405254773
211.0,-0.17135881136293002
212.0,-0.10456645472440043
213.0,-0.09508601684801196
214.0,0.12909618019561814
215.0,-0.1772558286263875
216.0,-0.15091722384025788
217.0,-0.13442811893886164
218.0,-0.10526583751711646
219.0,0.1793801555709486
220.0,-0.041049544938072724
221.0,-0.00994307033720887
222.0,-0.133052437521345
223.0,-0.06251984959291648
224.0,0.48033138115153107
225.0,0.2277851435699323
226.0,-0.11977139933003775
227.0,0.32227044440592073
228.0,0.0457229691751716
229.0,0.1688255867998712
230.0,0.6471046747630242
231.0,0.14743150526047355
232.0,0.0596639416053375
233.0,-0.024996660095050527
234.0,0.10857695563867859
235.0,0.31867899885635204
236.0,-0.13063392284858466
237.0,-0.10146105745681297
238.0,-0.05861062775000206
239.0,0.2308426474811689
240.0,-0.04139238458814121
241.0,0.30085493480677744
242.0,-0.056082433986036934
243.0,0.35598185982420427
244.0,0.04579629081026515
245.0,-0.02673370673708375
246.0,-0.13604005993351748
247.0,-0.07716407492842697
248.0,-0.06558666425066056
249.0,-0.09507958998019747
250.0,-0.09918433674107593
251.0,-0.11879417949197257
252.0,-0.08892507214398157
253.0,0.04712854670414762
254.0,0.8585636063962936
255.0,-0.016162630796478616
256.0,0.19987833365209845
257.0,-0.11937403526172224
258.0,-0.1796236781361118
259.0,-0.04583578981617184
260.0,-0.15829148427260348
261.0,0.011783605155502752
262.0,-0.1409053219062384
263.0,-0.15843664589754067
264.0,-0.08750844576033248
265.0,0.009580417039333766
266.0,-0.06378552440004756
267.0,0.10520783926994948
268.0,-0.06950744446549068
269.0,-0.11703209391576422
270.0,0.37874929510230787
271.0,-0.12753031729989991
272.0,-0.02753014001783327
273.0,-0.08482055657520443
274.0,-0.09337496590503203
275.0,-0.1441859729626199
276.0,0.16652465797684257
277.0,0.15446625220507887
278.0,-0.042761238283156394
279.0,-0.022569172681769722
280.0,-0.1448329770265252
281.0,-0.10147922508082383
282.0,-0.13407531636079972
283.0,0.19646726857102864
284.0,0.43167638917575923
285.0,0.4140983036632482
286.0,0.2348424910441308
287.0,-0.04997833025774567
288.0,-0.11453881067310012
289.0,-0.1581658982035008
290.0,-0.1703296571080759
291.0,0.03907338644156211
292.0,0.563990132045459
293.0,-0.0709659193344499
294.0,0.31758965878434076
295.0,-0.12565961396965727
296.0,0.18619215250957932
297.0,0.4073392792216723
298.0,0.21921661856266117
299.0,0.32545003183092724
300.0,-0.046500249189502296
301.0,-0.12406542894556727
302.0,-0.10312597890439634
303.0,-0.14260897340127482
304.0,0.02795409567572038
305.0,-0.1469086795361488
306.0,-0.15627210326232813
307.0,0.14709479683151827
308.0,0.32339163298334656
309.0,-0.16061443027297723
310.0,-0.0074734828547438625
311.0,-0.1646095375481861
312.0,0.033976000281068064
313.0,0.01909034930692305
314.0,0.059185151837341965
315.0,-0.04937260728765247
316.0,-0.11755774838455682
317.0,0.9455855838226422
318.0,-0.01082921278721799
319.0,-0.17450188458863883
320.0,-0.14370029020217684
321.0,0.49651536770238003
322.0,-0.06979625358001926
323.0,0.33957582533237574
324.0,0.058350779713881806
325.0,-0.13866310387626327
326.0,-0.09768542048152903
327.0,-0.09998511743239669
328.0,0.12701490767803403
329.0,-0.09135592650633415
330.0,0.009804910025295821
331.0,0.21934613255932467
332.0,-0.005972162798581759
333.0,-0.12152122962329706
334.0,-0.14418834322930718
335.0,-0.1484949250934473
336.0,-0.15777890510666348
337.0,-0.07911157925510615
338.0,-0.009092826793426101
339.0,-0.0965531263399605
340.0,0.2293337210689847
341.0,0.3511709131093407
342.0,0.07827509398225352
343.0,-0.13520290193728368
344.0,0.696287319464729
345.0,-0.07759120603529049
346.0,-0.13250136549131222
347.0,0.08205902748004584
348.0,-0.16620276286301305
349.0,-0.0987807674555932
350.0,0.17776053075178544
351.0,0.014300109266082328
352.0,-0.08913085301839899
353.0,-0.12740507579359267
354.0,0.7275579216140391
355.0,0.1054553869884774
356.0,0.12091179651755285
357.0,-0.1590253349281947
358.0,0.032834436007449785
359.0,-0.14360910215919945
360.0,0.17640383936117182
361.0,-0.030999029029895736
362.0,0.24050878064181247
363.0,-0.15659451252745615
364.0,0.021143149064786537
365.0,0.14108032005297744
366.0,-0.135151478170152
367.0,0.3347442253162349
368.0,-0.08775661311584695
369.0,-0.07905376389552163
370.0,-0.15015883201846666
371.0,0.49543629714097
372.0,-0.08657749934735595
373.0,0.5953340760627974
374.0,0.03755408254511061
375.0,-0.14794662696081112
376.0,0.08500465014906394
377.0,-0.06508023144777689
378.0,0.10030165617660008
379.0,0.2162468083323194
380.0,-0.05085176367985994
381.0,0.44393559153994616
382.0,-0.13627635425469825
383.0,0.0980030122102219
384.0,-0.051496374500721476
385.0,-0.0022218618357726094
386.0,-0.09574696741928651
387.0,-0.11635248589148064
388.0,-0.1275613227965119
389.0,-0.14835830501878575
390.0,-0.06750154302012173
391.0,-0.12036807102495076
392.0,-0.11719957284511492
393.0,0.16104222801158236
394.0,-0.041317065074560816
395.0,0.018820986148359864
396.0,0.31320097011395986
397.0,-0.09496712290264711
398.0,0.04486677686439672
399.0,0.3135313589877486
400.0,-0.005047402711685245
401.0,-0.14298752843771648
402.0,0.015500480149913787
403.0,0.03191924731465384
404.0,-0.11684194119525812
405.0,0.6413957040500599
406.0,0.13025806654813704
407.0,0.11149137823015776
408.0,-0.12846377641989656
409.0,-0.10427304644869256
410.0,-0.07367819368848505
411.0,0.06957205680110223
412.0,-0.14298077615073176
413.0,0.13554876974279495
414.0,-0.13327504112429378
415.0,0.21203102980615762
416.0,0.03187928783302901
417.0,0.13534423108893961
418.0,-0.10941222798443828
419.0,-0.12353653910493895
420.0,-0.03534423027456832
421.0,0.013976260251899686
422.0,0.25211671154277826
423.0,-0.09832491380962105
424.0,-0.09593113106875806
425.0,-0.06991327028128977
426.0,0.14597316672935645
427.0,-0.12409366617925882
428.0,0.1521145432089836
429.0,-0.1350981620299585
430.0,-0.10589297534504691
431.0,0.21292475943021
432.0,0.6832848970982295
433.0,-0.039600205412618966
434.0,0.20378259766974888
435.0,-0.13320122234336682
436.0,-0.12201585050442337
437.0,0.1744801389304677
438.0,-0.11452178042036579
439.0,-0.08589222331874785
440.0,-0.09189943067578596
441.0,-0.062233691041682804
442.0,-0.03617269278395324
443.0,0.024865010278045996
444.0,0.2754527990051392
445.0,-0.15027975374956562
446.0,0.5393251345294809
447.0,-0.046711227718915393
448.0,-0.007937609469315876
449.0,-0.13965853023595026
450.0,0.6361634991170402
451.0,-0.02742550607951083
452.0,-0.10989877841137696
453.0,0.27810993024182085
454.0,-0.15761151830622858
455.0,-0.1014002659840928
456.0,0.8591638878693375
457.0,-0.05985966719145386
458.0,-0.07741634721717142
459.0,0.25754630085735164
460.0,-0.14999297967130076
461.0,-0.10081779765860632
462.0,0.09060141669795935
463.0,0.8405471904304147
464.0,-0.015036585383254142
465.0,0.4791690198315492
466.0,-0.05509728340501113
467.0,0.3428127570967705
468.0,0.1642926569329763
469.0,-0.0004634021234672936
470.0,0.36786803679439023
471.0,-0.16305193845567123
472.0,-0.16679119533973502
473.0,-0.15506716668739418
474.0,0.17920128707544403
475.0,-0.12923734844156903
476.0,-0.1863274552898973
477.0,0.005017942604595149
478.0,-0.1890209786683767
479.0,-0.11972444416626804
480.0,0.17266132243522336
481.0,-0.17820605098218742
482.0,0.5571979230395755
483.0,-0.01386273130750848
484.0,-0.13973043311719732
485.0,-0.09683646341792529
486.0,0.21935150600978892
487.0,-0.07582277925453751
488.0,-0.12943420400457248
489.0,-0.17214335790002863
490.0,0.4734861202559569
491.0,0.043850826344418115
492.0,-0.12400869161297376
493.0,-0.13682187480604982
494.0,-0.17360526170281285
495.0,0.5806455289004726
496.0,0.04812194998323377
497.0,0.23280325652531592
498.0,0.1232272482431283
499.0,-0.15870805977564872
500.0,-0.17776560895174354
501.0,-0.10815873400268525
502.0,-0.1941453140044549
503.0,0.055318027489279886
504.0,0.08583692879079535
505.0,-0.10140824633096551
506.0,0.11192034464714595
507.0,-0.11798981995190894
508.0,-0.10085874568785419
509.0,0.2886851737619958
510.0,-0.1543382039164543
511.0,0.5250243131198398
512.0,0.19049513158961562
513.0,-0.14482957390184137
514.0,0.026027054187560905
515.0,0.017316115640558793
516.0,-0.028298940454093646
517.0,-0.19326435560300545
518.0,0.23287185677952688
519.0,0.042260402458184576
520.0,-0.11561911968758823
521.0,0.1791772355449544
522.0,0.613669992354301
523.0,0.23499605339362267
524.0,0.14047859650083533
525.0,0.1416757276904252
526.0,0.10512632807860689
527.0,-0.13285023406455812
528.0,0.7709762498114322
529.0,0.08500100046407855
530.0,-0.11260709888395248
531.0,0.09663058170060213
532.0,0.06661799677151686
533.0,0.3712914666301746
534.0,-0.12513909379180368
535.0,-0.11732204575515606
536.0,-0.13265776717189598
537.0,-0.17052687955795073
538.0,-0.1365164496940077
539.0,-0.07726498047169214
540.0,-0.18018279355096314
541.0,0.09464214109937064
542.0,0.03143089306941249
543.0,-0.16423717580641461
544.0,0.2016939664113983
545.0,-0.1523233386558623
546.0,0.16143711932509047
547.0,-0.14867046543530155
548.0,0.15034164652171728
549.0,0.26225344587950955
550.0,0.34839277382856404
551.0,-0.1990060994493945
552.0,0.13421200843562653
553.0,-0.163080192531096
554.0,-0.1568612213287124
555.0,0.23646941281796113
556.0,0.02492675609306033
557.0,-0.11948109286362013
558.0,0.35038884783138385
559.0,-0.07239602802054673
560.0,0.3060522342626118
561.0,-0.07245442440655012
562.0,-0.13595061467895872
563.0,-0.07296339905240412
564.0,-0.19005595157004285
565.0,0.3580351174318377
566.0,0.04342308790195781
567.0,-0.06052509857896707
568.0,0.5060014093583216
569.0,0.20519953148051573
570.0,0.2809287212855704
571.0,-0.0868714975582823
572.0,-0.16274621219270557
573.0,-0.08520482684722006
574.0,-0.06688818445821773
575.0,0.2413826477236572
576.0,-0.15144310024260738
577.0,-0.1080095846482588
578.0,0.9794211084201343
579.0,0.49676922116221506
580.0,0.0002116788832032257
581.0,0.2701883972365715
582.0,0.28824994538004234
583.0,-0.2020133947651906
584.0,-0.10615577350059072
585.0,-0.06437023012132254
586.0,-0.13995928986473768
587.0,0.10868621023909075
588.0,-0.20111028114389684
589.0,-0.14861111331155996
590.0,-0.16006130809463975
591.0,0.4882698198200731
592.0,0.206402336517864
593.0,0.14412735764029544
594.0,-0.08697548046943071
595.0,-0.16527936647238428
596.0,-0.08527001664454398
597.0,0.13049032351862422
598.0,-0.16244319172021976
599.0,-0.15708321822512378
600.0,-0.0329094549200637
601.0,0.13446510343107448
602.0,-0.028009902440187584
603.0,-0.14924112704526954
604.0,-0.08402806660169745
605.0,0.14452727897768441
606.0,-0.1374981530026171
607.0,0.19650253855192307
608.0,0.49789634987811193
609.0,-0.09663159904891672
610.0,0.15277150346426033
611.0,-0.0925294128775268
612.0,0.22107956907131687
613.0,-0.05628738102599701
614.0,0.26415144097280585
615.0,-0.17737699358010617
616.0,-0.05921035749795048
617.0,-0.13962479283050985
618.0,0.024166422752450234
619.0,-0.07346752054698949
620.0,-0.1517303484449701
621.0,0.3044061001446183
622.0,-0.010938885834176959
623.0,-0.17450216803176039
624.0,-0.03856534066918704
625.0,0.10131282158413518
626.0,-0.03209934414047422
627.0,0.03545296443035445
628.0,0.05315550667491098
629.0,-0.10579298305454823
630.0,-0.19780385250816634
631.0,0.011202304034143684
632.0,-0.14952970453191156
633.0,-0.05367328594204124
634.0,0.3855913937994509
635.0,-0.03494397360341461
636.0,0.14970989961270886
637.0,-0.09171771309478485
638.0,-0.1383984253897329
639.0,0.018105667094640954
640.0,-0.132490812070643
641.0,1.493890857664234
642.0,-0.11268515531132725
643.0,0.030015133586351328
644.0,-0.1869836133884027
645.0,-0.0213352287170826
646.0,0.158537113335933
647.0,-0.16798517680071606
648.0,0.23918760767343228
649.0,0.21698382700303315
650.0,0.3469323740564347
651.0,-0.11915452681147204
652.0,-0.18220322815580914
653.0,-0.08131971049351264
654.0,-0.1542097277028446
655.0,0.17346795279663713
656.0,-0.17592190287667492
657.0,-0.13191848150686716
658.0,0.5336924339852824
659.0,0.3200391919672692
660.0,-0.17897807895456608
661.0,-0.1832027342003199
662.0,0.04926251565689954
663.0,-0.05797680383719683
664.0,0.1479299971630627
665.0,0.03458335723609279
666.0,0.18880751468446177
667.0,0.11133083445180658
668.0,-0.16829041588146165
669.0,0.015072709582307608
670.0,-0.07715974704220291
671.0,-0.16583819762543653
672.0,-0.17789822477951028
673.0,0.1830894534291415
674.0,-0.16580699309431152
675.0,0.23670222474702252
676.0,0.3748008230442823
677.0,-0.19412118027854847
678.0,-0.10405040734284951
679.0,0.291536049562306
680.0,-0.07493458295113525
681.0,-0.08219017080868016
682.0,0.10684123037416632
683.0,-0.12003504827311201
684.0,-0.1532522053124209
685.0,0.6689672006519067
686.0,0.09231296810243644
687.0,-0.09660361222165775
688.0,-0.057076275317006486
689.0,-0.08150200598688517
690.0,0.3473889361526643
691.0,-0.18787973860749285
692.0,0.1034592387501525
693.0,-0.0042582255946563285
694.0,0.11185428454342577
695.0,0.09044055214743812
696.0,-0.1182269163640372
697.0,0.594570781975509
698.0,0.52021456805179
699.0,0.11264137929981577
700.0,0.14608216473038466
701.0,-0.09058354202701441
702.0,0.028890909692821765
703.0,-0.16467938471833063
704.0,-0.157327073714668
705.0,-0.059053401295267455
706.0,0.055020068012740786
707.0,0.27648986937291603
708.0,0.16119878436519186
709.0,-0.13440533078537362
710.0,0.42913242052010625
711.0,-0.03442188024588427
712.0,0.015284466284656795
713.0,0.4552066558535083
714.0,1.4392799832337224
715.0,-0.031840422653981126
716.0,0.17408247669719157
717.0,-0.09431348502246983
718.0,-0.12991568527031333
719.0,-0.07670558101680663
720.0,0.29396491956607307
721.0,-0.0648988861378651
722.0,-0.04984646187797323
723.0,0.30979538195923473
724.0,0.021538892167639323
725.0,0.6595855692081127
726.0,0.4021584087706735
727.0,0.1398081178117393
728.0,-0.06246839192663986
729.0,-0.12149035147943779
730.0,0.029826815756415603
731.0,-0.10037759694884413
732.0,0.1251227953469245
733.0,-0.13501341649959872
734.0,-0.09671021541354552
735.0,0.22074982244285246
736.0,-0.17931975880173745
737.0,0.2184849132375431
738.0,-0.15282523242294518
739.0,0.3086715831354995
740.0,-0.1729038672474487
741.0,0.02688143834335882
742.0,-0.18792578969969254
743.0,0.3344583344434148
744.0,-0.08681068941330769
745.0,-0.11003512962856618
746.0,0.1086508979785028
747.0,-0.12184996593360972
748.0,-0.11944206896896731
749.0,-0.10654055260168477
750.0,-0.0966606241690422
751.0,0.06557996663093218
752.0,0.045976074897646435
753.0,-0.1312438686295465
754.0,0.27539191410438213
755.0,-0.08877283504002992
756.0,-0.18815417923822164
757.0,0.08597804398703607
758.0,0.2416621962865424
759.0,0.17831659758853918
760.0,-0.11578418859060413
761.0,-0.17820702024315271
762.0,0.20286526278027328
763.0,-0.07325109616486108
764.0,-0.168227894053976
765.0,0.031214344978324593
766.0,-0.12647830723663245
767.0,-0.1795523637244262
768.0,-0.033104648658077496
769.0,-0.15656417447564946
770.0,-0.0541579448570135
771.0,0.019247525835893398
772.0,-0.11274591599674719
773.0,0.3288351910743057
774.0,0.07214755121087202
775.0,-0.10328492872134862
776.0,-0.15796387792189168
777.0,0.40601064724857255
778.0,-0.08971676455306832
779.0,-0.0327415923662433
780.0,-0.14515341980890986
781.0,0.9427288917771985
782.0,-0.02290254121799845
783.0,0.08241642341121319
784.0,-0.1797491763454367
785.0,0.0024792447670071716
786.0,-0.06039235344081895
787.0,0.07342855429699818
788.0,-0.12397817830129124
789.0,-0.18332668418904036
790.0,-0.055063283686385744
791.0,0.012308795615358414
792.0,-0.18823108807554062
793.0,0.5642799751892902
794.0,-0.1345810473259628
795.0,-0.1682127303963366
796.0,-0.07787193517653154
797.0,-0.045716719998702
798.0,-0.17440200550415758
799.0,0.025831213519121043
800.0,0.20988664683457198
801.0,-0.09341925719970609
802.0,0.42206250329882117
803.0,0.16330684936823725
804.0,-0.059430240320167804
805.0,-0.06598260053248575
806.0,-0.03157303506625925
807.0,-0.08095832957852747
808.0,0.10713544199724911
809.0,-0.09967855967723105
810.0,-0.1269191619020422
811.0,-0.1755370100627083
812.0,-0.16422692195744493
813.0,-0.04354928978226294
814.0,-0.17350860531282786
815.0,-0.16523632186457426
816.0,0.499830117719683
817.0,0.1357707662810549
818.0,-0.060808676192728506
819.0,-0.019528879748069217
820.0,-0.10458569821580857
821.0,-0.1128617099730807
822.0,-0.05704108152155893
823.0,-0.17520036437254372
824.0,-0.1681779139535457
825.0,0.22380629713599254
826.0,0.01619013254847368
827.0,-0.04479212482571865
828.0,0.13719236724159417
829.0,-0.14422457905071007
830.0,-0.18500952637014817
831.0,-0.14103295518999004
832.0,-0.08888433533161966
833.0,-0.08649705512794109
834.0,0.13030385013690504
835.0,0.2452979696780213
836.0,-0.024038311506231758
837.0,0.11421787869244698
838.0,0.33522793090416625
839.0,-0.004700365534361373
840.0,0.7555585241456647
841.0,-0.10161309820793732
842.0,0.2411481213680915
843.0,-0.08530636571532277
844.0,0.11330680478936939
845.0,0.09095958655465158
846.0,-0.12939017215034931
847.0,-0.059570463637604626
848.0,-0.0399634236030309
849.0,-0.13307026291470128
850.0,0.33033626633692004
851.0,-0.05574686031602283
852.0,0.7387531545169128
853.0,0.2171552982930129
854.0,-0.13329953632609476
855.0,0.048273014479704834
856.0,-0.14477232223169298
857.0,0.2602806254720835
858.0,-0.014282192070502242
859.0,-0.15927643790494256
860.0,-0.1347014793583287
861.0,0.5432825665727024
862.0,-0.1728248347602162
863.0,-0.09513570451626993
864.0,0.20358905943472672
865.0,0.3534533702425974
866.0,0.004311395142686025
867.0,0.1938431382769918
868.0,-0.17363155953646175
869.0,0.7762434253196441
870.0,0.19477167162108694
871.0,0.14757650154017488
872.0,0.23215194423752078
873.0,-0.04153658681384653
874.0,0.16478838128315698
875.0,0.0011871358112982566
876.0,0.20580152100396165
877.0,-0.035611744421152225
878.0,-0.08041528237906054
879.0,0.27456060965202755
880.0,-0.024758560428252308
881.0,0.19740803688610759
882.0,0.32228129940633504
883.0,-0.11635633907076612
884.0,-0.1484009466649585
885.0,-0.15320541308201432
886.0,0.024160418093815972
887.0,0.19579325789560525
888.0,-0.1515043726004895
889.0,-0.12839974520094277
890.0,0.16918867611933747
891.0,0.6649358961894445
892.0,-0.1362706066683466
893.0,0.06288888743876797
894.0,-0.08984022557575924
895.0,0.392464468350279
896.0,-0.03726928755144521
897.0,0.3804719866242405
898.0,0.20103879017776072
899.0,0.2630567710837743
900.0,-0.06987116600760632
901.0,0.3601119987995689
902.0,0.779062098323291
903.0,-0.07256180654467509
904.0,-0.18504298863188032
905.0,-0.06855715597866466
906.0,0.28783837943310575
907.0,-0.057549257956818645
908.0,-0.17823063080836749
909.0,-0.13327329454647885
910.0,0.031175561916473193
911.0,-0.1870341458282202
912.0,-0.11938256919835802
913.0,-0.16152096062651686
914.0,0.44817073900592447
915.0,-0.14129856784757247
916.0,-0.18789780788745575
917.0,0.3783107068617113
918.0,0.18375787604564764
919.0,-0.20962425448049726
920.0,0.001401042340597125
921.0,0.06804291527175965
922.0,-0.19271796631660612
923.0,-0.03867437827421771
924.0,-0.11888041001884397
925.0,0.36414825124779543
926.0,0.07022742823722922
927.0,0.29408741908923997
928.0,-0.11162080761654178
929.0,0.2708740965364266
930.0,0.0022438822178096895
931.0,0.004064202375615389
932.0,-0.2003446164471953
933.0,0.1727866915897432
934.0,-0.1761340080279887
935.0,-0.2059277618700631
936.0,0.04468193177593294
937.0,-0.18899355935644946
938.0,-0.10917783924102706
939.0,-0.14704646807565716
940.0,0.06481337179885388
941.0,-0.18993054353774397
942.0,-0.19968200363333893
943.0,-0.19502915560163364
944.0,0.28159287807378514
945.0,-0.05528785610082726
946.0,0.5698795230626104
947.0,-0.14476564742553596
948.0,0.5391125338777368
949.0,0.11926450042449976
950.0,0.36309947506850787
951.0,0.10485888519408348
952.0,0.14628017083401934
953.0,-0.10496756364052678
954.0,-0.19281621870667764
955.0,0.03982570535062835
956.0,-0.07336841216381187
957.0,-0.1067334126606817
958.0,0.29256024383911977
959.0,-0.08274255639308287
960.0,-0.08435265460762975
961.0,0.05112338619670115
962.0,-0.006411260626655146
963.0,-0.15604473095484184
964.0,-0.050124411426282045
965.0,-0.123956759274855
966.0,-0.023731559529514112
967.0,0.31259257805914
968.0,0.20403799649338528
969.0,-0.152605375804219
970.0,-0.12283698682876809
971.0,0.17794632028536278
972.0,0.06812463330253082
973.0,-0.1945217709832488
974.0,0.15315935353274224
975.0,0.35137040517767554
976.0,-0.14839134717162278
977.0,-0.06883168733415418
978.0,0.6676471179236008
979.0,-0.15663741781449436
980.0,-0.03243689675849354
981.0,-0.1095680486761452
982.0,-0.057960576855923845
983.0,-0.19731546686708362
984.0,0.442025950251848
985.0,-0.02453126340957512
986.0,-0.12531851156574114
987.0,0.1463315424037162
988.0,0.08820707651531923
989.0,0.47967591681254373
990.0,-0.06327618136093408
991.0,0.1115502561140182
992.0,0.12517493353784137
993.0,0.09083586439827046
994.0,-0.14764051802155895
995.0,0.1116383595947591
996.0,-0.16426857112064178
997.0,-0.09844112680142195
998.0,-0.12825989522797143
999.0,-0.1328024495291977
1000.0,-0.011883170498733275
1001.0,-0.16262363768254895
1002.0,-0.07839404692014987
1003.0,-0.19609356339152384
1004.0,-0.19693893169002874
1005.0,0.4042056736342247
1006.0,-0.1587315628374616
1007.0,-0.08652815998435473
1008.0,0.5476519523673611
1009.0,-0.13685583160054984
1010.0,0.06407717221110909
1011.0,0.4247324866917614
1012.0,0.08955718778935451
1013.0,-0.1602943188676803
1014.0,-0.015493047119548076
1015.0,-0.1319809934960321
1016.0,0.09622388087810191
1017.0,-0.022249152516945425
1018.0,-0.14705668863618276
1019.0,0.4302967749712187
1020.0,-0.1070672642646138
1021.0,0.3164644779399857
1022.0,0.5644632461067802
1023.0,0.08172981631974974
1024.0,0.06946454000630725
1025.0,-0.031420812746553894
1026.0,0.0946688848211018
1027.0,-0.15327693670994
1028.0,-0.19309681454830535
1029.0,-0.1248563173725506
1030.0,-0.13449854062843603
1031.0,-0.04595757375849996
1032.0,0.2391853087759349
1033.0,-0.12970214766824656
1034.0,0.0658878076280533
1035.0,-0.097882771432827
1036.0,-0.07873492072692928
1037.0,0.04180435432998597
1038.0,0.13825498739019876
1039.0,-0.1881176582854978
1040.0,0.1341483210862328
1041.0,-0.18808001073080177
1042.0,0.03326445520972321
1043.0,0.06032809347141144
1044.0,-0.08511402135827187
1045.0,-0.010920772625030717
1046.0,0.0953671421346437
1047.0,-0.20429050773060564
1048.0,0.2176463219989862
1049.0,0.06920035429399146
1050.0,-0.14284201732374865
1051.0,-0.16333284503485976
1052.0,0.42900707346917694
1053.0,0.04828721879084269
1054.0,0.851711852920933
1055.0,0.026376869475751852
1056.0,-0.06582880786654532
1057.0,-0.07806589059289365
1058.0,0.02369749861807774
1059.0,0.11376830752927791
1060.0,-0.20689765311717248
1061.0,-0.06245684513823965
1062.0,-0.007983038527696551
1063.0,0.49164548258507906
1064.0,0.25320346422783924
1065.0,-0.1399365033828235
1066.0,0.33184731044172877
1067.0,-0.047099780850436535
1068.0,-0.03466392416241709
1069.0,0.30472164490083176
1070.0,-0.16850326005979713
1071.0,0.065384382517722
1072.0,-0.13356080710458054
1073.0,0.049698641383504605
1074.0,-0.06629739819046507
1075.0,-0.17337573911750054
1076.0,-0.10441540663320092
1077.0,-0.14032394161746078
1078.0,-0.16088026181046755
1079.0,-0.18382773636550975
1080.0,-0.008565406676519838
1081.0,0.029998195415262663
1082.0,0.038860906109933424
1083.0,0.6681821417521223
1084.0,-0.17009073241228997
1085.0,0.4260041407438126
1086.0,-0.0027228876637368504
1087.0,0.5683334346653441
1088.0,0.0886246260588146
1089.0,0.578893812749386
1090.0,0.06042141263445555
1091.0,-0.10559072983212342
1092.0,-0.1477679926217631
1093.0,0.27131604091929545
1094.0,-0.04382478798360162
1095.0,0.5126289910389812
1096.0,-0.0788596362677568
1097.0,-0.18155985065811067
1098.0,0.2133046581833653
1099.0,0.04994636173977074
1100.0,-0.17341309591746454
1101.0,0.0173505747233465
1102.0,-0.16699989009854904
1103.0,0.0794994309151304
1104.0,-0.18319559513365288
1105.0,0.40131449137620057
1106.0,-0.1936208562589194
1107.0,-0.18058435457055708
1108.0,-0.10636101829098835
1109.0,0.14406923060806687
1110.0,-0.21018667698784904
1111.0,0.3302401294491959
1112.0,0.4456302832584555
1113.0,-0.15504090066433202
1114.0,-0.1435621597690845
1115.0,0.30393249710294434
1116.0,-0.04488941025444432
1117.0,-0.07175564785911348
1118.0,0.11890217292256466
1119.0,-0.020860867109249448
1120.0,0.4280386768191118
1121.0,-0.13544689889275766
1122.0,-0.12718636533821331
1123.0,0.0013625438867609918
1124.0,-0.1700136458792666
1125.0,-0.10907958074120244
1126.0,-0.012503527625417343
1127.0,-0.17259540687411765
1128.0,-0.023606033941619864
1129.0,-0.1081521947595977
1130.0,-0.07540013871388179
1131.0,0.23304682114837627
1132.0,-0.12517009707025717
1133.0,-0.0935198675750038
1134.0,0.11600126248371323
1135.0,0.003079486771401241
1136.0,0.12002314945448034
1137.0,0.06260390437074537
1138.0,0.38202691222112145
1139.0,-0.03707683595438571
1140.0,-0.059379785566442744
1141.0,-0.09264466833820473
1142.0,0.19275584150883512
1143.0,-0.20592463256628563
1144.0,0.006664492177337278
1145.0,-0.1706903354374553
1146.0,-0.2020122000498638
1147.0,-0.13119307429261745
1148.0,-0.17614241831912245
1149.0,0.47894020980353585
1150.0,-0.15627507393652776
1151.0,0.28840490914783595
1152.0,-0.12135506660378334
1153.0,0.17112727055894272
1154.0,0.16957534421338294
1155.0,-0.034441027352341946
1156.0,0.2320134259679233
1157.0,0.010044284452115304
1158.0,0.0631218857009806
1159.0,0.2375687881054388
1160.0,-0.028022039333979176
1161.0,0.197671735836856
1162.0,0.09833042219095145
1163.0,-0.19784274295261967
1164.0,-0.14152122508621745
1165.0,-0.14132630881715963
1166.0,0.19315340082193805
1167.0,0.2901053327253766
1168.0,-0.13282860506391486
1169.0,0.3084731590618142
1170.0,-0.14638164995994132
1171.0,-0.07445622695989587
1172.0,0.5306275539326774
1173.0,-0.15115183487137995
1174.0,-0.11856071232491344
1175.0,0.19846247897636393
1176.0,0.20460113139208846
1177.0,0.5620102830334486
1178.0,0.29919785259408305
1179.0,-0.11933457881741433
1180.0,-0.12586283593204908
1181.0,0.20429148271722453
1182.0,-0.12842405284189573
1183.0,0.11597303598465952
1184.0,0.7398474053724409
1185.0,-0.10802848436150078
1186.0,-0.1069144936719498
1187.0,0.2724084721737
1188.0,-0.21838526780956924
1189.0,-0.1334538119840259
1190.0,0.407774639623864
1191.0,-0.17791495638858904
1192.0,0.40293643240164634
1193.0,0.21810291113070168
1194.0,0.8201735471370142
1195.0,0.10797704783307199
1196.0,-0.030348301840300018
1197.0,0.16987321061934435
1198.0,-0.10477831970654472
1199.0,0.15977776165850505
1200.0,-0.05095357139256512
1201.0,-0.1945939707466744
1202.0,-0.11915932431891621
1203.0,0.18134389945743162
1204.0,0.03637260464439346
1205.0,-0.192679732828342
1206.0,0.04686100020386258
1207.0,0.010529176628332637
1208.0,-0.15253775043797976
1209.0,-0.16216691641755174
1210.0,-0.15440478931582516
1211.0,-0.1290254647744205
1212.0,-0.08143886560138719
1213.0,-0.19562957450568552
1214.0,0.6570502327465089
1215.0,0.028990923624280684
1216.0,0.9663671594999499
1217.0,-0.01655497789492083
1218.0,-0.12168154810885393
1219.0,-0.14318792094469499
1220.0,0.21678343386020282
1221.0,-0.048596772342661465
1222.0,0.011042945553642436
1223.0,0.3523525424257171
1224.0,0.6360946571479191
1225.0,0.3220050081390981
1226.0,0.2686281207294103
1227.0,-0.1713561135522268
1228.0,-0.058559662365090026
1229.0,0.15253808224586007
1230.0,-0.10591155775684269
1231.0,-0.1719160096693386
1232.0,0.09260922504453634
1233.0,-0.08301971320550056
1234.0,-0.1872573650889309
1235.0,-0.01613164769956249
1236.0,0.7035161185832588
1237.0,0.03173099166233745
1238.0,-0.20572470107830138
1239.0,-0.09695503108667566
1240.0,-0.11018258524614127
1241.0,-0.1443827173797602
1242.0,0.1461804646034413
1243.0,-0.13209919841347137
1244.0,-0.06331865183009422
1245.0,0.1200017272671095
1246.0,-0.1715482239220592
1247.0,-0.0858884605962365
1248.0,-0.20264247341098707
1249.0,0.2409587541537434
1250.0,-0.0407373011178096
1251.0,0.29770990200992065
1252.0,-0.17095401685964257
1253.0,-0.10008557721095324
1254.0,-0.05417376323234757
1255.0,0.38831081905622233
1256.0,0.003622584466375256
1257.0,-0.16003069061867334
1258.0,0.402233775562824
1259.0,0.05485413782210846
1260.0,0.08627888410478951
1261.0,-0.16967732062819277
1262.0,-0.16537661401312392
1263.0,-0.0440417805137992
1264.0,0.3451118803395683
1265.0,-0.07014753647474012
1266.0,0.48026479809273026
1267.0,-0.0921404864800498
1268.0,0.48180713648227713
1269.0,0.23453389299499988
1270.0,-0.04556428133646567
1271.0,0.06325187997470422
1272.0,-0.09712812034498192
1273.0,-0.0690299151350551
1274.0,-0.03654699989182297
1275.0,0.10500183949875963
1276.0,-0.11247182016745255
1277.0,-0.17387374307582032
1278.0,0.06052226495014423
1279.0,-0.11819474171851155
1280.0,-0.018039381784778874
1281.0,0.5137680948396172
1282.0,0.0441706786053484
1283.0,0.22427384067574152
1284.0,-0.1103823392404614
1285.0,0.0679127921177759
1286.0,-0.078701920297059
1287.0,-0.0596027547780989
1288.0,-0.15323880977795565
1289.0,0.08218060171893021
1290.0,-0.13953667164246614
1291.0,-0.08720208887976613
1292.0,-0.13209355766979017
1293.0,0.9204387198060194
1294.0,-0.03625286654433296
1295.0,-0.16708724495801686
1296.0,0.2403219453715718
1297.0,-0.1711838954103658
1298.0,0.030135350652012505
1299.0,0.3755935167186128
1300.0,0.4909063192764317
1301.0,-0.12723667590832008
1302.0,0.027115534194272595
1303.0,0.6744114951859339
1304.0,0.3187879340005717
1305.0,0.04781107195851758
1306.0,-0.05407209522920092
1307.0,-0.15663528792286519
1308.0,0.06657077799330507
1309.0,-0.09791129846262467
1310.0,-0.19127212884679895
1311.0,0.08384931560588155
1312.0,0.015297515974995679
1313.0,-0.09267968524901471
1314.0,-0.19394064782953307
1315.0,0.3763556087281548
1316.0,-0.051203229957844376
1317.0,-0.20760148921441218
1318.0,0.5222765992150231
1319.0,-0.0838946804696829
1320.0,0.19706560401453388
1321.0,-0.20420424525522485
1322.0,0.22001915882751055
1323.0,-0.09434915110816422
1324.0,0.14571210185211897
1325.0,-0.14353852582291074
1326.0,0.38181983301824246
1327.0,-0.14675707901376223
1328.0,0.08540190928721991
1329.0,0.3320412939058466
1330.0,-0.08930068235385688
1331.0,-0.2009064980904443
1332.0,-0.16954140919355876
1333.0,0.29287387612166343
1334.0,-0.05091039171719802
1335.0,-0.09080556849070948
1336.0,0.13986497260206698
1337.0,0.01929071001144489
1338.0,0.004108642662749906
1339.0,-0.17667285426931376
1340.0,-0.16663007695521226
1341.0,0.3043159958782083
1342.0,-0.2100405097112651
1343.0,-0.017239412800494236
1344.0,-0.13772970388041622
1345.0,0.29910327184053065
1346.0,0.9512956051179937
1347.0,0.9413316986918048
1348.0,-0.15656302189225868
1349.0,0.026352248458784033
1350.0,-0.19992088123662927
1351.0,-0.20163510229562667
1352.0,-0.00592345213991613
1353.0,-0.06038696139415084
1354.0,-0.10315215471412523
1355.0,-0.17123142373243183
1356.0,0.4433394828318281
1357.0,-0.006814020996678827
1358.0,-0.15666635166787266
1359.0,0.03645356574141018
1360.0,-0.1887367302969846
1361.0,0.27663983942279513
1362.0,-0.04157933029364419
1363.0,0.08666782635579867
1364.0,0.01731907218770029
1365.0,-0.16449877110370387
1366.0,0.12434352654734998
1367.0,0.10994681882871488
1368.0,0.44581054729981656
1369.0,-0.0487115375532744
1370.0,-0.12787910694449126
1371.0,-0.18032532707182486
1372.0,0.2256535785084307
1373.0,0.31100589680705926
1374.0,-0.10203388850225875
1375.0,0.39556780353967413
1376.0,-0.1068796767286091
1377.0,0.0037732397094529246
1378.0,-0.21286844229483884
1379.0,-0.21730819506785076
1380.0,0.06166333205128183
1381.0,0.033538173213612965
1382.0,-0.17683138295787074
1383.0,-0.18558712003015027
1384.0,-0.007110588189752132
1385.0,-0.06538314765638659
1386.0,0.10910734138070266
1387.0,-0.19038618054601195
1388.0,-0.20386318927306057
1389.0,-0.15375284414391116
1390.0,0.2506012176445066
1391.0,0.1426894707364097
1392.0,-0.1764022556607315
1393.0,0.03378043739646308
1394.0,-0.09483781834748736
1395.0,0.6353959192354346
1396.0,0.014127056589237574
1397.0,0.30225685651540213
1398.0,-0.1404586761864991
1399.0,-0.12283713448806366
1400.0,-0.18793854287401004
1401.0,-0.11807935131184583
1402.0,-0.07061560029158248
1403.0,-0.11052517942386
1404.0,0.2937525919720901
1405.0,0.4558994064051988
1406.0,0.3405152703755055
1407.0,0.8020858462844761
1408.0,0.02302424461668845
1409.0,0.4842436360054029
1410.0,0.09968303332750844
1411.0,-0.22348133573144774
1412.0,-0.08056895431681108
1413.0,0.03488246143647156
1414.0,-0.18912674061191606
1415.0,0.12096625322576954
1416.0,-0.08291838122468564
1417.0,-0.2105948151251697
1418.0,0.293329987009149
1419.0,-0.03972764476384405
1420.0,0.26837829153584264
1421.0,0.11276986353675006
1422.0,0.16509362451069315
1423.0,0.346998750784412
1424.0,-0.11736762213565918
1425.0,-0.0160193521201884
1426.0,0.15832129774980563
1427.0,0.11692485856654766
1428.0,-0.13417826863462465
1429.0,0.08384017652736392
1430.0,-0.2009740121560115
1431.0,0.8098043496332155
1432.0,-0.05246088367000573
1433.0,0.1484687863416399
1434.0,-0.18848595133448107
1435.0,-0.018137036759330594
1436.0,0.05663097041237508
1437.0,0.6870231383663636
1438.0,-0.13975552409558303
1439.0,-0.06644095260203486
1440.0,-0.18481905204789364
1441.0,0.15775451250335149
1442.0,-0.007891522983775212
1443.0,0.023868785681039117
1444.0,-0.19062285974124624
1445.0,0.12861853660260242
1446.0,-0.07797345629194985
1447.0,-0.19405533586448942
1448.0,-0.08087713869289184
1449.0,-0.20390360519709574
1450.0,0.28584503661979593
1451.0,-0.04829710609987414
1452.0,-0.11580300247757905
1453.0,-0.024806694950971653
1454.0,-0.14715764696532813
1455.0,0.5295530808473965
1456.0,0.3566173193900665
1457.0,0.2968395197139118
1458.0,0.30063369209772045
1459.0,0.0981957449377851
1460.0,0.007644340621156376
1461.0,0.504091212032221
1462.0,-0.05716372258472879
1463.0,0.20379210640509
1464.0,0.05395472459704265
1465.0,-0.018541086534653417
1466.0,-0.007286473942395788
1467.0,-0.14606290906087174
1468.0,0.28740562536109004
1469.0,0.09187520732471344
1470.0,-0.18722477710963376
1471.0,0.5080193334023768
1472.0,-0.033540852033079105
1473.0,-0.107217611534947
1474.0,-0.1210184951101137
1475.0,0.13385748351774618
1476.0,0.1382652484066128
1477.0,-0.014755243611119517
1478.0,-0.10049329056033254
1479.0,0.191615167497673
1480.0,-0.023970908879038133
1481.0,-0.16521847281601912
1482.0,0.14315427457903823
1483.0,-0.15680124626914146
1484.0,-0.2180974938637591
1485.0,0.5044188019410207
1486.0,0.1581647863551024
1487.0,-0.21931320295692125
1488.0,-0.1419014902398032
1489.0,-0.11120034382581284
1490.0,-0.02562400019967237
1491.0,-0.1621480479306806
1492.0,-0.005458447347501338
1493.0,0.1592064075524175
1494.0,0.3068474161100167
1495.0,-0.17783818784465105
1496.0,-0.04492055902247988
1497.0,-0.10042199201789878
1498.0,-0.15851169790914746
1499.0,-0.22573140648213824
