Time,I
0.0,0.48696707680062856
1.0,0.2648145805202471
2.0,0.36310510546097025
3.0,0.34644410721915825
4.0,0.5228529730695607
5.0,0.37031149503335814
6.0,0.1717580368326572
7.0,0.1967919668461987
8.0,0.4735481701678449
9.0,0.5331831562567848
10.0,0.504353033661326
11.0,0.15998285636752035
12.0,0.2273796715542185
13.0,0.20689426269587516
14.0,0.11210510646592485
15.0,0.35957160092086565
16.0,0.6822030104508774
17.0,0.12668592993800334
18.0,0.28905277177791433
19.0,0.2754632342096779
20.0,0.3236892821059355
21.0,0.33128786173111097
22.0,0.3202553905993536
23.0,0.32307954764450336
24.0,0.3607914270550303
25.0,0.15478454916861975
26.0,0.30738312784682703
27.0,0.38733484924743117
28.0,0.435945676339919
29.0,0.1499058937213976
30.0,0.3178752700295231
31.0,0.1828100738350908
32.0,0.8053156401628712
33.0,0.6850599770261998
34.0,0.5611955707761079
35.0,0.12695606880530835
36.0,0.19377380329089489
37.0,0.1286290384060854
38.0,0.1489799459726631
39.0,0.22681383483627074
40.0,0.2825141533900932
41.0,0.22492900463374732
42.0,0.4134792019372976
43.0,0.2423265305745908
44.0,0.2780038313466139
45.0,0.2959741155359495
46.0,0.12013044650800178
47.0,0.32347032397178505
48.0,0.3269541360789112
49.0,0.7154090523401536
50.0,0.14659633015842324
51.0,0.42634200966511554
52.0,0.15037298227039111
53.0,0.13472113313223216
54.0,0.13158200293381753
55.0,0.1492371994804796
56.0,0.12049335703289116
57.0,0.253013507152422
58.0,0.2905616081052981
59.0,0.774762363458733
60.0,0.1368303232831365
61.0,0.25448083156896606
62.0,0.2086192768066319
63.0,0.23487006397191523
64.0,0.22572487264127244
65.0,0.1859934348671562
66.0,0.16775359763564077
67.0,0.17719531573084543
68.0,0.16174931915802873
69.0,0.3214384924720014
70.0,0.16901489717392865
71.0,0.16799841512169658
72.0,0.3408827451418905
73.0,0.1491526514983638
74.0,0.14611065719596183
75.0,0.2675801687908172
76.0,0.1291832177951057
77.0,0.12225942457107242
78.0,0.15403262049002375
79.0,0.2802714044358828
80.0,0.4045735614542537
81.0,0.10959008022308316
82.0,0.5088875569641901
83.0,0.15256992661925975
84.0,0.2754617957995902
85.0,0.38148245649312845
86.0,0.4028217513555653
87.0,0.4060751714692942
88.0,0.43216128749029165
89.0,0.5345270317044619
90.0,0.17771739840318074
91.0,0.29977076475231734
92.0,0.5693759724481694
93.0,0.18562271622092225
94.0,0.24588893153425292
95.0,0.1408562594302957
96.0,0.429380130732116
97.0,0.369943791563376
98.0,0.2795836776355433
99.0,0.13750068490847556
100.0,0.13952257940473506
101.0,0.3535628194461378
102.0,0.2678775534558441
103.0,0.395458035039516
104.0,0.8557768628311547
105.0,0.14418004843730414
106.0,0.5363187459654853
107.0,0.2162545711959985
108.0,0.8378262191396526
109.0,0.2546171389721523
110.0,0.1634138424363844
111.0,0.2509979530312334
112.0,0.21819396245189868
113.0,0.4681561918054193
114.0,0.1312225688955513
115.0,0.2992342259583454
116.0,0.2395485377786881
117.0,0.38581656625339666
118.0,0.5378343498791149
119.0,0.10177244832663118
120.0,0.21330517378212246
121.0,0.24887095141653742
122.0,0.2697805869629426
123.0,0.33197705966691704
124.0,0.40171538874879753
125.0,0.33289955742400795
126.0,0.40235094810569827
127.0,0.8876904094331186
128.0,0.265446843373323
129.0,0.5083567972794372
130.0,0.8231823461261134
131.0,0.147913825294839
132.0,0.20331143381227426
133.0,0.18589461386262468
134.0,0.32060948271330614
135.0,0.3615433097535381
136.0,0.2605242642641177
137.0,0.10796347120784038
138.0,0.4248617367374911
139.0,0.20567056437473408
140.0,0.12667510551115635
141.0,0.12191965377974394
142.0,0.2808492534851805
143.0,0.12046370139829786
144.0,0.1805092320265515
145.0,0.2575867735001024
146.0,0.4242461702134263
147.0,0.10539901787380491
148.0,0.13562444861561926
149.0,0.13456888984546725
150.0,0.29617677638434065
151.0,0.12541521409735779
152.0,0.20235741162754098
153.0,0.1190578155596582
154.0,0.17826754730924702
155.0,0.16039837648688876
156.0,0.1615637543276911
157.0,0.1381692432409886
158.0,0.18146514367974623
159.0,0.3476506843942874
160.0,0.10033535331108923
161.0,0.30712400885913543
162.0,0.524132682428374
163.0,0.675257037459198
164.0,0.16747327253537678
165.0,0.1485837514260464
166.0,0.7045419714102704
167.0,0.1526491999321165
168.0,0.11564228325696745
169.0,0.10094336888506625
170.0,0.7352393987563699
171.0,0.19086285798225971
172.0,0.13140290072124203
173.0,0.13835810936644985
174.0,0.1095544846645788
175.0,0.22609248198052842
176.0,0.4044022078698334
177.0,0.18487349835319733
178.0,0.12161837823715153
179.0,0.31964146491347906
180.0,0.43771532259365753
181.0,0.14005848637354168
182.0,0.4912688997478701
183.0,0.20365010523680466
184.0,0.1532600636800717
185.0,0.1728165011432439
186.0,0.2240048792794426
187.0,0.1349445533764252
188.0,0.517397975653424
189.0,0.18050665865823265
190.0,0.50086674740964
191.0,0.23232651234424534
192.0,0.1495130054342941
193.0,0.2342054273625225
194.0,0.30645734198992464
195.0,0.12709711716439598
196.0,0.1743653072934157
197.0,0.5396166990333587
198.0,0.128359581903644
199.0,0.2851225628907858
200.0,0.5421775869349306
201.0,0.15768715262886374
202.0,0.4423451981096686
203.0,0.11507874049964903
204.0,0.25554904924962485
205.0,0.27588943685588135
206.0,0.5221038160721267
207.0,0.1470626682831623
208.0,0.18377634448022884
209.0,0.24135593416259593
210.0,0.11043043880075401
211.0,0.17003638937956866
212.0,0.5460927540612306
213.0,0.15812911647882927
214.0,0.6108431337484888
215.0,0.14576195528760552
216.0,0.3019015644830623
217.0,0.3046178039794608
218.0,0.25309766224033875
219.0,0.1170131821772745
220.0,0.47998516249355755
221.0,0.22392479270205126
222.0,0.5012914045503496
223.0,0.19126635974523468
224.0,0.19054634393149864
225.0,0.24316328097474815
226.0,0.3830667968738903
227.0,0.13665491949705066
228.0,0.30774059899337636
229.0,0.11670257520133229
230.0,0.17329464343588186
231.0,0.17327842565760057
232.0,0.7470990995114865
233.0,0.6443639905198132
234.0,0.22131432072813784
235.0,0.3149997764349816
236.0,0.20673991975402217
237.0,0.20983649136895408
238.0,0.2303105997002463
239.0,0.684900087460896
240.0,0.2135857828495664
241.0,0.17841356088403829
242.0,0.43302204127470345
243.0,0.3753302196477416
244.0,0.16611148027209138
245.0,0.18693530244394369
246.0,0.1806914547744836
247.0,0.3706363034550689
248.0,0.10715393015619556
249.0,0.5360464249664679
250.0,0.1289132029001361
251.0,0.19057599534433387
252.0,0.3867146218690674
253.0,0.12500812823452512
254.0,0.1507925324650163
255.0,0.11829474211395875
256.0,0.8176733781563111
257.0,0.19197006918859338
258.0,0.14018630522096606
259.0,0.6172076351874157
260.0,0.2930185911643956
261.0,0.8454407274608968
262.0,0.15928106280818083
263.0,0.3421012807695135
264.0,0.43426222450901286
265.0,0.6816408415820054
266.0,0.2521866411039302
267.0,0.3785910537405509
268.0,0.18544405804498607
269.0,0.6888824815392208
270.0,0.21001584777125307
271.0,0.11963331569881216
272.0,0.5556586398916351
273.0,0.21549131392656592
274.0,0.21992332877329002
275.0,0.11463179990568811
276.0,0.22730435308264554
277.0,0.21162536332026582
278.0,0.4596936947055528
279.0,0.32535713140726047
280.0,0.12031740528865983
281.0,0.1733910091567671
282.0,0.12192744952012818
283.0,0.32367489346618034
284.0,0.11879728273521858
285.0,0.39501756286217204
286.0,0.13305800966388176
287.0,0.14106124876154788
288.0,0.38858411801780846
289.0,0.13070175116822738
290.0,0.3406411392572877
291.0,0.10574299611602547
292.0,0.18295476137704825
293.0,0.496466466376979
294.0,0.11037239858053592
295.0,0.20826803772641858
296.0,0.13195720718141488
297.0,0.24609878518453482
298.0,0.432760095194756
299.0,0.1691499735376309
300.0,0.17708529621898808
301.0,0.4118566852912081
302.0,0.16195461557245922
303.0,0.34738557051764984
304.0,0.21049723132349704
305.0,0.3701356494014447
306.0,0.3378627229457399
307.0,0.8975066820720624
308.0,0.1541493073201094
309.0,0.1421855648362245
310.0,0.24308744057905513
311.0,0.10723134882751653
312.0,0.18467127463804198
313.0,0.11582198153270302
314.0,0.22876732259069033
315.0,0.7404517790190129
316.0,0.3251419998738646
317.0,0.2673029031628255
318.0,0.14597308382990298
319.0,0.6130047389547767
320.0,0.19541099316902522
321.0,0.27098487142580413
322.0,0.8132663157315119
323.0,0.36140637189422276
324.0,0.20576786339090528
325.0,0.14837101219650545
326.0,0.9634465339670347
327.0,0.27899749815191405
328.0,0.9343859951744116
329.0,0.5644017997421524
330.0,0.12945622920518599
331.0,0.20359054889865968
332.0,0.12743148749757618
333.0,0.4992875474539213
334.0,0.572188206775193
335.0,0.13468621982897844
336.0,0.40823608858713545
337.0,0.2521113124456359
338.0,0.4717089758008575
339.0,0.16958712046919128
340.0,0.16934484350877674
341.0,0.38738455340573513
342.0,0.17637446430933204
343.0,0.25030012351002473
344.0,0.13086464589967547
345.0,0.17940244971825275
346.0,0.36670890670581624
347.0,0.8235601984768055
348.0,0.18065628662225477
349.0,0.49952029922703484
350.0,0.11215331870498225
351.0,0.3882570574169956
352.0,0.36144921444510764
353.0,0.14290135214487223
354.0,0.15715804274916106
355.0,0.4655051547238047
356.0,0.17289213113779336
357.0,0.11293444995021759
358.0,0.11033116523149503
359.0,0.25412660380655117
360.0,0.945316631117889
361.0,0.44497596098710923
362.0,0.268618242398263
363.0,0.9299852475481467
364.0,0.48246605414852617
365.0,0.16247702231369593
366.0,0.29028239146277446
367.0,0.35822600774755786
368.0,0.11877656940116924
369.0,0.20059805687844928
370.0,0.2836436435441882
371.0,1.1050828421320418
372.0,0.49867278498469236
373.0,0.12991317856040147
374.0,0.19554645761735948
375.0,0.4482533363227977
376.0,0.3957261061672566
377.0,0.5862122022264761
378.0,0.9096229715146176
379.0,0.38517050751844745
380.0,0.1291636115089035
381.0,0.6078542072926489
382.0,0.15775448358356137
383.0,0.19325684786959213
384.0,0.9022898171875736
385.0,0.27090117471169556
386.0,0.6171792521444307
387.0,0.3310731214531416
388.0,0.38195369968897985
389.0,0.1782727348331428
390.0,0.5612709442944379
391.0,0.15573526395529577
392.0,0.3830152388934956
393.0,0.21067487193572249
394.0,0.12862276169582287
395.0,0.1217610616596349
396.0,0.17958774888606083
397.0,0.32976766961301696
398.0,0.1628181950365262
399.0,0.26513566002409883
400.0,0.8155671553208943
401.0,0.3321579871977488
402.0,0.21232340489604812
403.0,0.4602634601292834
404.0,0.6716568212125413
405.0,0.22560081304750562
406.0,0.5074776662896066
407.0,0.2083702598659223
408.0,0.16108657053600023
409.0,0.3893130528258671
410.0,0.1316879488150161
411.0,0.22354082482772228
412.0,0.6602658036094525
413.0,0.41933971260565966
414.0,0.14942972364713228
415.0,0.4978761502056421
416.0,0.2438455538748763
417.0,0.54967866568848
418.0,0.2521455805844158
419.0,0.6070046961645048
420.0,0.2498668848945579
421.0,0.5464227787427465
422.0,0.4131256426463788
423.0,0.2501821725247055
424.0,0.541200655412991
425.0,0.2930390096183673
426.0,0.41240048996810547
427.0,0.19673243297600077
428.0,0.7598305893378016
429.0,0.6705726323343815
430.0,0.33784292397998633
431.0,0.21359002070875965
432.0,0.19213654571093297
433.0,0.32569342345598185
434.0,0.3621798105468546
435.0,0.7618817589525926
436.0,0.29984213896514367
437.0,0.4613643172223773
438.0,0.17742781326340445
439.0,0.3040572335369629
440.0,0.13184293137662664
441.0,0.33067757644671913
442.0,0.2156873349431225
443.0,0.125198052776747
444.0,0.2478298545617526
445.0,0.28778557308072833
446.0,0.1182854105375915
447.0,0.19637072989584883
448.0,0.5848477997216697
449.0,0.16842149050987942
450.0,0.4891733015051748
451.0,0.3757120568917174
452.0,0.35812987753377007
453.0,0.12923524980534412
454.0,0.1006350957573015
455.0,0.17137821637013714
456.0,0.8769898794460844
457.0,0.3735938376811292
458.0,0.1735899025073211
459.0,0.9842734882341833
460.0,1.1254996236031478
461.0,0.459806670361258
462.0,0.18960177251585023
463.0,0.12859033415100576
464.0,0.10647939545275667
465.0,0.12284662624078065
466.0,0.15559471428506794
467.0,0.3957546663707491
468.0,0.1667894681551783
469.0,0.44041902735373883
470.0,0.2068234034652298
471.0,0.3073916251695084
472.0,0.16672262640491153
473.0,0.18218693123113613
474.0,0.21734316898353429
475.0,0.28989294597124043
476.0,0.6530016558229413
477.0,0.3637165734546634
478.0,0.22414895258524403
479.0,0.37249034271620224
480.0,0.4431621571027405
481.0,0.2721084035186992
482.0,0.3014217690685913
483.0,0.5167720582130713
484.0,0.14547816726152518
485.0,0.39218062400487036
486.0,0.21874720276313622
487.0,0.29406173067175795
488.0,0.1495630774567112
489.0,1.0592703055891683
490.0,0.35517379297604884
491.0,0.37496848540401106
492.0,0.1274115882029586
493.0,0.5250876726384216
494.0,0.3517076149985021
495.0,0.293841516531426
496.0,0.12374658313945472
497.0,0.41275712970617573
498.0,0.10124106489222648
499.0,0.18927768565573516
500.0,0.3697791573179568
501.0,0.23028995984017894
502.0,0.4951074297915221
503.0,0.21749889162441988
504.0,0.745638932757115
505.0,0.27767106700155164
506.0,0.18697779241524126
507.0,0.13398452569797353
508.0,0.21106515106334364
509.0,0.13345289523547726
510.0,0.5015062565416255
511.0,0.29557167273312634
512.0,0.12411510217214321
513.0,0.678783832198942
514.0,0.28125937019333813
515.0,0.1334578271933896
516.0,0.13003985067195611
517.0,0.24470800702035583
518.0,0.11123056205033978
519.0,0.2760548042237631
520.0,0.13123901544602223
521.0,0.3787161566596504
522.0,0.23643858763770115
523.0,0.5443108660599737
524.0,0.3523811147669707
525.0,0.20478774227678417
526.0,0.39692800665275724
527.0,0.10430526382079947
528.0,0.2817381980517898
529.0,0.6094144751344632
530.0,0.2058460973572413
531.0,0.1432258608180177
532.0,0.3227932814389256
533.0,0.18648646106371422
534.0,0.365432749354003
535.0,0.3834690429583902
536.0,0.19963498165087115
537.0,0.14961185515672706
538.0,0.3238948104945023
539.0,0.1063294727013827
540.0,0.15471700035259112
541.0,0.15806266346949968
542.0,0.14682503508718414
543.0,0.28921532954919743
544.0,0.2062302492456727
545.0,0.1690898179412848
546.0,0.306349322640523
547.0,0.17202166010433595
548.0,0.16657409797972778
549.0,0.6994636043930044
550.0,0.6334470548974346
551.0,0.20977911745874062
552.0,0.12076075546084436
553.0,0.13561339534983305
554.0,0.5118888347371173
555.0,0.20532040544643607
556.0,0.8171224313302539
557.0,0.21536241956935565
558.0,0.9155181105791442
559.0,0.6333736202048031
560.0,0.23984612393202828
561.0,0.649469304152684
562.0,0.835858265264133
563.0,1.0294445547273388
564.0,0.8215011332365391
565.0,0.3299018109349194
566.0,0.25267532386087366
567.0,0.213429279473169
568.0,0.1437898968175632
569.0,0.3437947364830965
570.0,0.19853447415289166
571.0,0.33149031513016325
572.0,0.37034763708609864
573.0,0.1848856069921204
574.0,0.13969961988681992
575.0,0.4773173683451532
576.0,0.22621771330667872
577.0,0.10585926729842061
578.0,0.7375721355675082
579.0,0.19192462069690353
580.0,0.19766230793272976
581.0,0.1725786360917586
582.0,0.47393941316910126
583.0,0.1970758680802046
584.0,0.1354381045117372
585.0,0.1595625651075111
586.0,1.2987702268806987
587.0,0.9162622777955236
588.0,0.6027263139626231
589.0,0.15715519535420389
590.0,0.1589625764991755
591.0,0.36617272140976087
592.0,0.23053989395754723
593.0,0.14964757515095434
594.0,0.5832994063938435
595.0,0.3369967306942212
596.0,0.13069403592548376
597.0,0.4621642518339685
598.0,0.25714220759709244
599.0,0.7691409545029104
600.0,0.2443245864066819
601.0,0.10027280143660693
602.0,0.6952963704217817
603.0,0.6685903317279549
604.0,0.4734500665628639
605.0,0.29446430638741167
606.0,0.16307692666358323
607.0,0.28927924125824966
608.0,0.20146305768234266
609.0,0.6251960329235997
610.0,0.3318928360997078
611.0,0.19808624093581365
612.0,0.20457429698090462
613.0,0.9714898698542281
614.0,0.32158975014535374
615.0,0.21367724657492124
616.0,0.23225437872645766
617.0,0.17569980026929968
618.0,0.12108639387552453
619.0,0.42930202336802736
620.0,0.2268349994180142
621.0,0.14247565937877715
622.0,0.4307978689215424
623.0,0.1933159570700816
624.0,0.1684049911527711
625.0,0.25667627361223516
626.0,0.17972643326775284
627.0,0.1707566247198204
628.0,0.10325796557501173
629.0,0.42512149161322665
630.0,0.2037332660087496
631.0,0.1727422314426052
632.0,0.5288438768403327
633.0,0.7852577802107465
634.0,0.3060639554322789
635.0,0.6741090630410562
636.0,0.32512212530756696
637.0,0.2297257047731326
638.0,0.16942691129840406
639.0,0.14532654305873832
640.0,0.23289306569829687
641.0,0.14933340119887978
642.0,0.13229811694204993
643.0,0.16633583429669185
644.0,0.21218858966598164
645.0,0.5544986162139509
646.0,0.4555993866634975
647.0,0.6252195353984321
648.0,0.15240724303945996
649.0,0.12914244567097286
650.0,0.154086766129582
651.0,0.8886486604931554
652.0,0.6573553771874054
653.0,0.4485742906968018
654.0,0.12312305196863094
655.0,0.22785080667815974
656.0,0.10287810081697714
657.0,0.4079956665539885
658.0,0.22801200584703027
659.0,0.3433997868213981
660.0,0.16318066369747664
661.0,0.1673213212869596
662.0,0.10427841307456658
663.0,0.2735713303537076
664.0,0.1353389526012436
665.0,0.8304327069050039
666.0,0.4555869732842509
667.0,0.4653707526192101
668.0,0.19646156175042645
669.0,0.12603690809052234
670.0,0.11438232867134926
671.0,0.18205421813735412
672.0,0.38488766602429686
673.0,0.16112928009956326
674.0,0.11316138385479999
675.0,0.47575059873440134
676.0,0.21734862660773555
677.0,0.19825308243131232
678.0,0.7156286158725955
679.0,0.34987006708548135
680.0,0.25188666479769517
681.0,0.12723158566347134
682.0,0.16074300870536415
683.0,0.41580969104078
684.0,0.21079477075874797
685.0,0.1453450882616415
686.0,0.12834599377345488
687.0,0.28151805816336195
688.0,0.15145062998116457
689.0,0.17022742568291327
690.0,0.3688625633457051
691.0,0.3403664203222334
692.0,0.16660877326485754
693.0,0.9310174895880569
694.0,0.3443940276267163
695.0,0.3471680674854528
696.0,0.1516777749936342
697.0,0.9417728387766989
698.0,1.0535758900730476
699.0,0.9642498613667971
700.0,0.3170175679227854
701.0,0.5228786652815509
702.0,0.488537471888377
703.0,0.16525701895433417
704.0,0.5094115177730457
705.0,0.30305881157378023
706.0,0.15362719970778937
707.0,0.38126792650541097
708.0,0.2498935506673344
709.0,0.1427421062466106
710.0,0.7216271286309905
711.0,0.5894131460555754
712.0,0.4368916474491159
713.0,0.21936167710209206
714.0,0.1575594033304659
715.0,1.0471512823294782
716.0,0.49624306391641093
717.0,0.34434631970697366
718.0,0.25347409729787485
719.0,0.18738757688653088
720.0,0.12955571406113967
721.0,0.32798913641710076
722.0,0.14841627612524286
723.0,0.14018837922716013
724.0,0.21154788845301292
725.0,0.5502482572363832
726.0,0.2371849484896047
727.0,0.19308640479552594
728.0,0.16098503931756833
729.0,0.20890771667907632
730.0,0.10849345061506371
731.0,0.34904167936484526
732.0,0.17436323195088863
733.0,0.15722504308376975
734.0,0.5757941792777546
735.0,0.41784213097056894
736.0,0.2704257537383507
737.0,0.28301701471821233
738.0,0.13830674288812536
739.0,0.12342415995042164
740.0,0.2591975995954611
741.0,0.1296086051702657
742.0,0.1513240851140015
743.0,0.13432329246824534
744.0,0.8303308261600598
745.0,1.3277961873704993
746.0,1.212149900674737
747.0,1.0267623526418168
748.0,0.8549945020347377
749.0,1.0045807123090813
750.0,0.9669810134668668
751.0,1.428468894730511
752.0,1.2972710666927216
753.0,0.33100958546586556
754.0,0.45579687007253983
755.0,0.5644483288280682
756.0,0.363125859658203
757.0,0.25431669158536996
758.0,0.24802422024517426
759.0,0.2786764540478603
760.0,0.10241602075449041
761.0,0.46454647068375654
762.0,0.8277292330065477
763.0,0.6469652072179182
764.0,0.9560135938776342
765.0,0.6704047823579455
766.0,0.86257165543083
767.0,0.8088394506777048
768.0,0.5778179468342052
769.0,0.7077960386819384
770.0,0.21090157947685678
771.0,0.4425627886236628
772.0,0.23799903062787395
773.0,0.25760541610725096
774.0,0.20678139774686086
775.0,0.17113104018146041
776.0,0.12569573844536688
777.0,0.30935001463861894
778.0,0.14579208329041904
779.0,0.4400696148226193
780.0,0.20996087329944024
781.0,0.25358111349297074
782.0,0.12472188349028497
783.0,0.3892281195997685
784.0,0.1878816508780577
785.0,0.2309315801579319
786.0,0.20728573660585206
787.0,0.31437734343454604
788.0,0.49035262157797055
789.0,0.3878726491077317
790.0,0.4438388883780633
791.0,0.31905352736825826
792.0,0.26870839479622655
793.0,0.26261455167871894
794.0,0.1371688423855078
795.0,0.30810913691200753
796.0,0.29969767901698746
797.0,0.19007638670272914
798.0,0.11778420181407206
799.0,0.62228177665476
800.0,0.8958874772906836
801.0,1.101630792940251
802.0,1.021210656748741
803.0,0.49141220198758545
804.0,0.2756827769627484
805.0,0.16885928586924123
806.0,0.1690282582059709
807.0,0.14358638329649787
808.0,0.36414821122909663
809.0,0.3055197316184308
810.0,0.32109256662422864
811.0,0.4484676387742827
812.0,0.2943718299144802
813.0,0.4173873951390994
814.0,0.7339195180761016
815.0,0.8109542539222296
816.0,0.6116113717511316
817.0,0.44156568104705535
818.0,0.4015367900682258
819.0,0.29844251221642837
820.0,0.11760911628635501
821.0,0.1411488560789615
822.0,0.5143827595330908
823.0,0.3185257507502967
824.0,0.29056929363136186
825.0,0.32834076959817354
826.0,0.28165878368767816
827.0,0.8193794809775685
828.0,0.9443682601292009
829.0,0.3198699099972745
830.0,0.29510965612076084
831.0,0.2130243464767421
832.0,0.3127486073005669
833.0,0.21411139620106623
834.0,0.26908878026932637
835.0,0.3406866090629738
836.0,0.16678599484714063
837.0,0.15828649105070478
838.0,0.16299387321414
839.0,0.1402888163498868
840.0,0.3858066234228884
841.0,0.2633520140138206
842.0,0.25386997161929775
843.0,0.29859314175163837
844.0,0.4687458812735199
845.0,0.3037718587023117
846.0,0.1437513739580347
847.0,0.2136979546885148
848.0,0.21170481468242833
849.0,0.2433874386146557
850.0,0.312705719398858
851.0,0.364519714312845
852.0,0.4234380532697075
853.0,0.7191106097701849
854.0,0.27567108191701367
855.0,0.2732517279792081
856.0,0.2726831771596562
857.0,0.18721529437520856
858.0,0.1928706545235849
859.0,0.22349982667937018
860.0,0.2814476894568037
861.0,0.3242087704153514
862.0,0.4502294485076383
863.0,0.4341661078521188
864.0,0.516454375484606
865.0,0.32335038534716615
866.0,0.4880764207923188
867.0,0.20848618268642574
868.0,0.49516265028312073
869.0,0.4462037214468768
870.0,0.36639026324419477
871.0,0.8859791367783709
872.0,0.4767006908940423
873.0,0.2721768993001129
874.0,0.28632600543364706
875.0,0.13088971391400978
876.0,0.4863649346243494
877.0,0.3282962461924701
878.0,0.4025080668089618
879.0,0.2926543627789033
880.0,0.2835464576614303
881.0,0.466068920491556
882.0,0.34411886153906607
883.0,0.42021246414776986
884.0,0.3864662783932095
885.0,0.25417903277574566
886.0,0.2766893823974326
887.0,0.34180079964620097
888.0,0.29592551235160897
889.0,0.1986071807788694
890.0,0.1576874332420801
891.0,0.10833982044777257
892.0,1.0309043617146683
893.0,1.422028594690825
894.0,2.4319748040293234
895.0,2.1920582797497064
896.0,2.858739594132024
897.0,1.4524081929837303
898.0,1.1417371562412362
899.0,0.8365047842288582
900.0,0.8033801073173069
901.0,0.45110961711449316
902.0,0.29758951344002815
903.0,0.34174772339944015
904.0,0.24827503200809425
905.0,0.16710222187791507
906.0,0.14598300319052743
907.0,0.13471731459287234
908.0,0.8023151847454029
909.0,0.9668534681834555
910.0,0.7595749354611975
911.0,0.7987458587360384
912.0,0.622030753160325
913.0,1.0545286482359224
914.0,0.43053638772800085
915.0,0.4209785779711052
916.0,0.17259089502904898
917.0,0.16315651084413146
918.0,0.12450125437029291
919.0,0.4898615032611115
920.0,0.7212952150714136
921.0,1.717039462492737
922.0,1.6633437028193145
923.0,1.1271839469535205
924.0,0.6200072893775737
925.0,0.4927111865123518
926.0,0.6873389187773006
927.0,0.9048329188798092
928.0,1.3748285333625179
929.0,1.618462916831621
930.0,3.0019476005339714
931.0,2.0223246170708062
932.0,1.9158988297145587
933.0,0.8382723273241866
934.0,1.762363468913883
935.0,2.894096111261415
936.0,3.6584013565404776
937.0,4.662774769799498
938.0,4.534087295477635
939.0,7.040252928706214
940.0,7.5776334364866935
941.0,6.930690223638833
942.0,4.486992034621167
943.0,6.689424436736011
944.0,4.625812674524831
945.0,7.86532318703381
946.0,16.89872351833747
947.0,14.226280737626107
948.0,5.338003541515592
949.0,2.9273942124475743
950.0,3.03821351388587
951.0,2.1390875149307904
952.0,2.4341941070350273
953.0,5.195990644515932
954.0,5.7972425058393595
955.0,4.621730908968896
956.0,4.3969145164188435
957.0,4.289161632946717
958.0,2.4872213850428544
959.0,5.175329643813873
960.0,6.590613302625915
961.0,4.272674924747164
962.0,4.74307153528262
963.0,5.727629799315249
964.0,4.48829281396072
965.0,4.704681957299181
966.0,5.848766808331414
967.0,7.863604719426987
968.0,4.295114517564341
969.0,3.967971541386485
970.0,3.0476660834967473
971.0,3.564503278609846
972.0,3.209462039918315
973.0,4.589510101557983
974.0,5.672180778539307
975.0,4.9070965923814605
976.0,5.788615721823202
977.0,2.4057259005110203
978.0,1.6722297366053263
979.0,2.3584383537927707
980.0,1.8813495107553193
981.0,0.8854671456328996
982.0,0.5261674592492644
983.0,0.9484533862666518
984.0,0.8186243120214358
985.0,0.8637223826309678
986.0,0.5299258735551136
987.0,0.9785151222485005
988.0,0.5230986367570231
989.0,0.6502685941811587
990.0,0.6142996482256168
991.0,0.6962652333292195
992.0,0.3945427029700891
993.0,0.3097511152808043
994.0,0.6242263012164238
995.0,0.6972511444913083
996.0,0.9572110044715127
997.0,0.7367411091581929
998.0,0.447517532078438
999.0,0.5544815275993983
1000.0,0.5217838442306574
1001.0,0.5315067361823987
1002.0,0.30882677018162286
1003.0,0.2566237138674277
1004.0,0.22541317040607806
1005.0,0.2855172597137734
1006.0,0.3691331608185334
1007.0,0.271137537466994
1008.0,0.46890902034352305
1009.0,0.5567155100405213
1010.0,0.7779445183938833
1011.0,2.275323998881036
1012.0,3.32023116783238
1013.0,4.119884036665468
1014.0,4.548289337662428
1015.0,4.3759793496579436
1016.0,7.254869158269907
1017.0,5.5679508869712375
1018.0,4.033438449248388
1019.0,2.786869222432226
1020.0,5.40328703946137
1021.0,2.929497542348068
1022.0,4.483450044968977
1023.0,3.599692104912316
1024.0,2.488824282637041
1025.0,2.242068509847754
1026.0,3.099615212975365
1027.0,7.438914198587577
1028.0,10.010387140889293
1029.0,14.595822665163402
1030.0,12.047256353885285
1031.0,17.980639480872178
1032.0,17.163169283350914
1033.0,16.73194536671829
1034.0,13.706796929001746
1035.0,5.576700249619523
1036.0,5.81190976955085
1037.0,5.908570089538073
1038.0,4.929152775413284
1039.0,5.424846356816323
1040.0,4.871248245734759
1041.0,3.3912956826921623
1042.0,2.722333948948757
1043.0,2.8861165979700854
1044.0,5.447603124533137
1045.0,3.9083533700568136
1046.0,5.622420342958718
1047.0,5.105704555103356
1048.0,5.336304916602929
1049.0,3.4616664115000146
1050.0,4.223895222061304
1051.0,4.309586306166743
1052.0,6.437832299331854
1053.0,6.785929425570324
1054.0,12.895218030548948
1055.0,13.282105752105815
1056.0,10.013359252049732
1057.0,11.825567349306393
1058.0,6.70525162039129
1059.0,8.139163189544174
1060.0,10.654638617801277
1061.0,6.5101244209100555
1062.0,8.160836889450552
1063.0,5.62931611721824
1064.0,5.471890115137416
1065.0,4.440473174311647
1066.0,2.483966500090851
1067.0,4.0315136893172046
1068.0,6.076848176506707
1069.0,11.679528244151724
1070.0,11.599598112177366
1071.0,11.56818876529299
1072.0,11.087482754567171
1073.0,14.098566035886005
1074.0,12.903573008765292
1075.0,8.2017262351827
1076.0,9.277162614202371
1077.0,9.225550781011881
1078.0,5.106936467801235
1079.0,6.892059284300502
1080.0,11.392772654775177
1081.0,14.661134071773702
1082.0,11.972157858962838
1083.0,9.78674990673873
1084.0,5.578411630749481
1085.0,9.68257214906128
1086.0,9.059279316821742
1087.0,6.402512696475052
1088.0,3.2594904947345307
1089.0,3.750913354277464
1090.0,4.380789456668364
1091.0,6.1862564177433566
1092.0,3.8555127612228803
1093.0,2.4428020267440025
1094.0,2.863186395178091
1095.0,5.025451769182169
1096.0,8.158852678281663
1097.0,4.958959594277782
1098.0,9.941460287396557
1099.0,11.262283287675574
1100.0,6.594508554813858
1101.0,3.1791656036959717
1102.0,2.8275043628128427
1103.0,6.997128329996171
1104.0,5.570766888293527
1105.0,4.7901042479774265
1106.0,6.435018694053816
1107.0,6.258825930408745
1108.0,9.002726195045964
1109.0,4.287852349671238
1110.0,3.2072730227076387
1111.0,2.5521043678647493
1112.0,3.669452413015041
1113.0,1.6398396625464409
1114.0,2.6113171838123885
1115.0,1.911812048613627
1116.0,1.5390808667208702
1117.0,1.8015092876968224
1118.0,1.567195910460902
1119.0,1.789346379236076
1120.0,1.6978292182963037
1121.0,2.3256147966418546
1122.0,3.539482136704041
1123.0,8.547356924500793
1124.0,29.635572748985926
1125.0,9.65921459436017
1126.0,10.304287935021756
1127.0,10.699469299429133
1128.0,8.659586285732805
1129.0,5.611962305630871
1130.0,4.330879666715861
1131.0,7.368357557219701
1132.0,8.715032008838463
1133.0,8.814320123331349
1134.0,5.942797622045515
1135.0,11.68050271927715
1136.0,12.911122280590126
1137.0,16.45102738391961
1138.0,17.345492946530157
1139.0,23.875406474160833
1140.0,13.424418326175898
1141.0,10.014153357430857
1142.0,7.01094521042721
1143.0,12.174161686474632
1144.0,9.389134711473071
1145.0,9.833887623322324
1146.0,9.16566359091091
1147.0,4.79454166405659
1148.0,6.713996212120769
1149.0,7.401331740559204
1150.0,13.502280047323065
1151.0,10.695793748202306
1152.0,17.102218356704505
1153.0,11.034552316455624
1154.0,8.831765501715036
1155.0,12.237336103387591
1156.0,20.55393066685357
1157.0,11.67434858294014
1158.0,8.642653947268839
1159.0,10.581966951071946
1160.0,22.944361932028855
1161.0,14.823570024945443
1162.0,17.02016961821198
1163.0,5.679546592754162
1164.0,5.5483745295575355
1165.0,6.134999323654387
1166.0,5.636378364261217
1167.0,6.033359374816907
1168.0,4.899953405803878
1169.0,6.702107557685481
1170.0,8.61432047614058
1171.0,15.48253145830287
1172.0,10.831432193726172
1173.0,7.468642592333465
1174.0,10.842464405953104
1175.0,9.232623594727295
1176.0,7.683785561498185
1177.0,5.307981658421251
1178.0,7.9517171977358805
1179.0,4.637028516585537
1180.0,4.0169480764882595
1181.0,3.5127884856608635
1182.0,3.023900519099924
1183.0,3.506723359306327
1184.0,6.206484685772659
1185.0,4.9753060270783545
1186.0,4.697635098277391
1187.0,8.3248487016491
1188.0,7.545412531996408
1189.0,8.563274738392057
1190.0,14.801081485222824
1191.0,16.540876696675426
1192.0,16.212817898675578
1193.0,8.660052848663675
1194.0,6.411458095589828
1195.0,6.374227947644649
1196.0,13.221140935961197
1197.0,15.531156157072527
1198.0,8.962735717711965
1199.0,7.863786457669109
1200.0,5.857057529973596
1201.0,6.727454634926652
1202.0,7.363732232294066
1203.0,6.818498110319766
1204.0,5.76251246368106
1205.0,4.1502577123985525
1206.0,6.126068200779823
1207.0,6.537848568869929
1208.0,8.103501837353358
1209.0,5.603844935452546
1210.0,2.826744167736811
1211.0,3.0123045348198345
1212.0,5.369068911035516
1213.0,18.90300547490106
1214.0,22.912895381374373
1215.0,16.61639862383586
1216.0,15.737306820242678
1217.0,23.513136932580846
1218.0,39.45944896149033
1219.0,14.766223696708074
1220.0,11.840665957726895
1221.0,13.897483783253998
1222.0,28.01826166418973
1223.0,19.419825470404362
1224.0,17.858045672849887
1225.0,9.010009174194494
1226.0,14.19166404594054
1227.0,7.709884933119844
1228.0,11.252948091660041
1229.0,19.515615773349833
1230.0,7.525539096970702
1231.0,12.416300459761171
1232.0,11.166043099096603
1233.0,6.221648821678824
1234.0,9.482528500730183
1235.0,9.326945347633702
1236.0,11.354573883906843
1237.0,6.142068238928139
1238.0,4.850787990676889
1239.0,5.200787357176451
1240.0,5.313912988344144
1241.0,5.3276495821941445
1242.0,8.948619925692439
1243.0,9.467580261162976
1244.0,19.47306495323218
1245.0,10.572289634267218
1246.0,17.05157424951413
1247.0,19.27421450446988
1248.0,16.992906960118574
1249.0,13.258032950555705
1250.0,8.31859510392957
1251.0,7.999448296718012
1252.0,5.726883133413001
1253.0,3.7938219181639576
1254.0,5.766358617719
1255.0,17.813719385713245
1256.0,23.998616910952705
1257.0,10.996519478662385
1258.0,7.554610943638692
1259.0,10.348131687169284
1260.0,10.368611179283352
1261.0,8.443953218211472
1262.0,15.186874784550461
1263.0,16.0345585230095
1264.0,18.812049132147894
1265.0,12.96069419240977
1266.0,7.988279581519646
1267.0,12.971872082106033
1268.0,17.679581350245268
1269.0,7.446485888051098
1270.0,9.620010165376057
1271.0,13.359306769286354
1272.0,9.92598795329703
1273.0,10.792699815003102
1274.0,15.366760327795376
1275.0,13.793566400346528
1276.0,21.52900373060305
1277.0,17.19661867945927
1278.0,11.93901404629684
1279.0,14.185751296130043
1280.0,22.026806287182183
1281.0,31.780816593871457
1282.0,11.8734046957578
1283.0,10.407806002018175
1284.0,14.926919438172803
1285.0,12.20022955515215
1286.0,6.0201285403551275
1287.0,13.98952752253078
1288.0,14.904170282585865
1289.0,21.251932660239465
1290.0,16.93349799080636
1291.0,17.00089305576449
1292.0,16.063397700579653
1293.0,10.904472516232303
1294.0,13.571692947637906
1295.0,16.950809487543616
1296.0,14.656564687243565
1297.0,20.336034618473356
1298.0,14.459371708919614
1299.0,23.426234108365772
1300.0,9.855300472124224
1301.0,16.045774885228667
1302.0,7.743069226014576
1303.0,13.002987300771604
1304.0,14.023610792066396
1305.0,29.77564952803854
1306.0,11.927352734317772
1307.0,6.84486296298558
1308.0,4.11928273143909
1309.0,6.1716819808336965
1310.0,5.951333468410294
1311.0,8.0345763510914
1312.0,13.607968347140718
1313.0,23.225231884947725
1314.0,37.40493197119912
1315.0,13.40171947468022
1316.0,12.0156607368237
1317.0,13.160100748960216
1318.0,21.535101856739324
1319.0,23.46762677625999
1320.0,24.879188564724437
1321.0,14.494058707230115
1322.0,11.47213358581423
1323.0,14.923682812072009
1324.0,22.886127632599663
1325.0,13.28832707024358
1326.0,13.021644692912327
1327.0,19.819370174754642
1328.0,21.580552331783956
1329.0,10.53076325008975
1330.0,13.512946990633424
1331.0,27.307486517796914
1332.0,31.454279042581383
1333.0,20.320440814890375
1334.0,33.38263570293631
1335.0,26.6293048678226
1336.0,25.885014348306306
1337.0,17.722871172427197
1338.0,7.902105280623973
1339.0,8.474400812116203
1340.0,13.000659938659052
1341.0,7.4729628188993145
1342.0,5.774510318457484
1343.0,6.0623554042943715
1344.0,8.59572530002188
1345.0,16.676726608497564
1346.0,27.006800038363945
1347.0,18.853355008028192
1348.0,19.041431296080006
1349.0,16.19965315610448
1350.0,13.450105515983196
1351.0,10.327356570125787
1352.0,7.138811950805513
1353.0,9.662217423281747
1354.0,10.78399296146722
1355.0,33.94021324996039
1356.0,16.520203863700537
1357.0,13.4410094757091
1358.0,17.943597148222032
1359.0,16.7095327544958
1360.0,14.99432443827816
1361.0,9.32144206005299
1362.0,8.096538250639716
1363.0,10.58159698802874
1364.0,27.775523712265
1365.0,13.612866547614859
1366.0,25.19580802941508
1367.0,11.431464028814458
1368.0,8.743919680980715
1369.0,11.391564144322691
1370.0,25.175744088727754
1371.0,39.06060443265909
1372.0,15.254163931714551
1373.0,17.533428268526734
1374.0,13.750418079641273
1375.0,8.81747826920544
1376.0,8.65767834970236
1377.0,11.376080011813492
1378.0,20.591358311813305
1379.0,20.279607288896262
1380.0,6.469154633425138
1381.0,14.931015240006127
1382.0,12.147844176234372
1383.0,7.008110012723965
1384.0,5.534332904151169
1385.0,8.814173536020219
1386.0,23.54372738426226
1387.0,38.072642735692405
1388.0,9.156436674589772
1389.0,12.975151032861755
1390.0,7.532665965483003
1391.0,11.310191465588115
1392.0,18.053380262837702
1393.0,22.555763834172325
1394.0,40.24687916157309
1395.0,20.945744760466045
1396.0,17.97101035280498
1397.0,12.603717550355894
1398.0,17.372864674963633
1399.0,20.956677134405876
1400.0,13.627905033010657
1401.0,14.928144174093989
1402.0,17.291719902280178
1403.0,20.158766235189745
1404.0,16.21389600634879
1405.0,13.830573798603133
1406.0,24.318305583007476
1407.0,28.939936913056155
1408.0,14.80576953240287
1409.0,11.308616118560673
1410.0,13.893501890889139
1411.0,7.436030396932801
1412.0,9.440904682111071
1413.0,13.03968953086348
1414.0,12.062596197056928
1415.0,12.129792982283073
1416.0,19.765917506382205
1417.0,12.375367852630875
1418.0,12.37821591425457
1419.0,11.858344907137308
1420.0,14.40207281211835
1421.0,22.3227451621205
1422.0,20.95238935793209
1423.0,14.437423602988396
1424.0,8.140365547548063
1425.0,12.755517331299982
1426.0,26.255636949221934
1427.0,19.134041208040202
1428.0,15.992581906479169
1429.0,18.82659735713695
1430.0,30.986971401318193
1431.0,30.415682412227223
1432.0,36.86341567981836
1433.0,34.915639024695615
1434.0,17.209269847679778
1435.0,10.143560973444073
1436.0,16.077731898121975
1437.0,10.264416024488847
1438.0,9.659052969229233
1439.0,13.598760153642406
1440.0,27.719058612151393
1441.0,22.799742967513
1442.0,19.53957274168939
1443.0,21.240580526467173
1444.0,16.283632946763728
1445.0,16.290799629304463
1446.0,20.270746454901435
1447.0,11.24112571865569
1448.0,11.426284926339399
1449.0,7.401103827727012
1450.0,20.96294741778834
1451.0,32.16069356716328
1452.0,25.705080784352862
1453.0,25.91491823613586
1454.0,21.922988432184727
1455.0,19.947850032546324
1456.0,16.96001937265043
1457.0,11.268775534641346
1458.0,9.715182121262703
1459.0,11.206412918127418
1460.0,14.704658033924114
1461.0,17.169673015772904
1462.0,30.84350944133813
1463.0,34.81274717332946
1464.0,24.9561653787057
1465.0,15.170356178024393
1466.0,32.50309788844321
1467.0,19.798028127520794
1468.0,6.5992752110809
1469.0,12.960845397413488
1470.0,15.164037852969903
1471.0,14.32376683770487
1472.0,6.710484700799029
1473.0,8.040279301049553
1474.0,18.119871474924153
1475.0,23.068566533277412
1476.0,17.85656683022928
1477.0,13.403853310637345
1478.0,14.740594553232397
1479.0,18.54505025443487
1480.0,22.11434016008744
1481.0,20.936843035817503
1482.0,12.763006576992705
1483.0,29.1290065067792
1484.0,14.089152121505341
1485.0,18.26384382774556
1486.0,20.659897022729318
1487.0,11.268710526695084
1488.0,17.23848050483278
1489.0,17.295632377255227
1490.0,13.45223546722623
1491.0,21.523685634533614
1492.0,25.429823096898392
1493.0,20.003455917837087
1494.0,21.644019913854347
1495.0,31.884147340295556
1496.0,16.668185372065622
1497.0,19.820405060792854
1498.0,14.369130626257688
1499.0,14.484527192310814
